round,train_loss,train_accuracy,global_test_accuracy,time_seconds,client_0_pers_acc,client_0_global_acc,client_1_pers_acc,client_1_global_acc,client_2_pers_acc,client_2_global_acc,client_3_pers_acc,client_3_global_acc
1,0.10073157256904215,0.8645182505754686,0.5164247946900664,98.30432152748108,0.9377431906614786,0.7328145265888456,0.7337164750957854,0.40620689655172414,0.9047619047619048,0.738095238095238,0.9168466522678186,0.7170626349892009
2,0.053757028580675596,0.935459826811356,0.6266734165822927,97.44668197631836,0.9442282749675746,0.8949416342412452,0.7988505747126436,0.0.42517241379310345,0.9682539682539683,0.7866666666666666,0.9233261339092873,0.8120950323974082
3,0.03452372381568386,0.9626657897621396,0.6944538193272584,47.11379289627075,0.9571984435797666,0.920881971465629,0.8160919540229885,0.0.4447892720306513,0.9206349206349206,0.8095238095238095,0.9524838012958964,0.896328293736501
4,0.025287312010833368,0.9745916913296065,0.7294971312858589,38.986862659454346,0.9649805447470817,0.9455252918287937,0.8199233716475096,0.479379310344827586,0.9365079365079365,0.8095238095238095,0.9751619870410367,0.9200863930885529
5,0.02042241627841479,0.9821769154883264,0.7485656429294634,38.87850379943848,0.9649805447470817,0.9520103761348897,0.8256704980842912,0.4827586206896552,0.9523809523809523,0.8412698412698413,0.9697624190064795,0.9157667386609071
6,0.015551927281796989,0.9884687054696921,0.7592530093373833,38.90339541435242,0.9675745784695201,0.9688715953307393,0.8793103448275862,0.5555555555555556,0.9523809523809523,0.7777777777777778,0.9643628509719222,0.9006479481641468
7,0.012657148754661104,0.9923051627754027,0.7576217797277534,39.08647155761719,0.9740596627756161,0.9662775616083009,0.8946360153256705,0.5421455938697318,0.9523809523809523,0.8412698412698413,0.9730021598272138,0.9298056155507559
8,0.011134366910524073,0.9934889838868793,0.7757340533243334,38.71260380744934,0.9779507133592736,0.9662775616083009,0.8850574712643678,0.60727969348659,0.9523809523809523,0.8412698412698413,0.9697624190064795,0.9308855291576674
9,0.009280939641892812,0.9947824180642332,0.7741590730115874,39.397231578826904,0.9779507133592736,0.9727626459143969,0.8888888888888888,0.632183908045977,0.9523809523809523,0.7936507936507936,0.9708423326133909,0.9222462203023758
10,0.008406344416469523,0.9956373999780773,0.7568905388682642,39.3356294631958,0.9740596627756161,0.9753566796368353,0.8793103448275862,0.5574712643678161,0.9523809523809523,0.7619047619047619,0.968682505399568,0.9244060475161987
11,0.007519710711587865,0.9961635426942892,0.7768590392620093,38.91764426231384,0.9844357976653697,0.9766536964980544,0.9003831417624522,0.6264367816091954,0.9365079365079365,0.8412698412698413,0.9762419006479481,0.9319654427645788
12,0.006915469621834396,0.9966239175709746,0.7828214647316909,38.789037227630615,0.9818417639429312,0.9740596627756161,0.9118773946360154,0.6226053639846744,0.9523809523809523,0.873015873015873,0.978401727861771,0.9503239740820735
13,0.006310515438139016,0.9969746793817824,0.789177635279559,38.88717770576477,0.980544747081712,0.9779507133592736,0.9118773946360154,0.6609195402298851,0.9523809523809523,0.8571428571428571,0.980561555075594,0.949244060475162
14,0.005863992402901309,0.9975008220979942,0.7924400944988188,38.84818434715271,0.9831387808041504,0.9779507133592736,0.9061302681992337,0.6609195402298851,0.9523809523809523,0.9365079365079365,0.9762419006479481,0.9503239740820735
15,0.005591430328347407,0.997456976871643,0.7951400607492406,39.042988777160645,0.9844357976653697,0.9779507133592736,0.9272030651340997,0.685823754789272,0.9523809523809523,0.9206349206349206,0.9838012958963283,0.9535637149028078
16,0.005297360961740646,0.9974131316452921,0.7924963437957026,38.912184715270996,0.9883268482490273,0.9766536964980544,0.9003831417624522,0.6551724137931034,0.9523809523809523,0.9206349206349206,0.9838012958963283,0.968682505399568
17,0.004906255941892437,0.9977419708429245,0.7987962650466869,39.0834379196167,0.9844357976653697,0.9753566796368353,0.9233716475095786,0.7126436781609196,0.9523809523809523,0.9523809523809523,0.9827213822894169,0.958963282937365
18,0.004872543067269347,0.997807738682451,0.7999212509843627,39.13884520530701,0.9818417639429312,0.9753566796368353,0.9176245210727969,0.7164750957854407,0.9523809523809523,0.9523809523809523,0.9816414686825053,0.9676025917926566
19,0.004291357494909626,0.9981146552669079,0.791033862076724,38.95207619667053,0.9831387808041504,0.9766536964980544,0.921455938697318,0.6590038314176245,0.9365079365079365,0.9523809523809523,0.9827213822894169,0.9654427645788337
20,0.004042381500100176,0.9983119587854873,0.7971087861401732,38.86631393432617,0.9857328145265889,0.9779507133592736,0.9195402298850575,0.6724137931034483,0.9365079365079365,0.9523809523809523,0.9794816414686826,0.9578833693304536
21,0.003965565649379158,0.9982461909459608,0.7962650466869164,39.15094590187073,0.9922178988326849,0.9831387808041504,0.9118773946360154,0.6685823754789272,0.9682539682539683,0.9523809523809523,0.9827213822894169,0.9643628509719222
22,0.0037505466292300795,0.9983996492381889,0.7954213072336596,39.36258387565613,0.9896238651102465,0.9870298313878081,0.9157088122605364,0.7279693486590039,0.9523809523809523,0.8888888888888888,0.9751619870410367,0.937365010799136
23,0.003754020378552602,0.9982900361723117,0.8040836989537631,28.713599920272827,0.9896238651102465,0.9896238651102465,0.9233716475095786,0.7413793103448276,0.9523809523809523,0.9682539682539683,0.980561555075594,0.9514038876889849
24,0.0036982693263703913,0.9983996492381889,0.7984025199685004,21.617605447769165,0.9896238651102465,0.9792477302204928,0.9176245210727969,0.6934865900383141,0.9523809523809523,0.9206349206349206,0.9848812095032398,0.9643628509719222
25,0.003656728698390801,0.9982023457196099,0.8002024974687817,38.98077058792114,0.9870298313878081,0.9857328145265889,0.9310344827586207,0.7011494252873564,0.9365079365079365,0.9682539682539683,0.978401727861771,0.9632829373650108
26,0.0035292005587040385,0.9983558040118382,0.7958713016087299,38.74919414520264,0.9896238651102465,0.9818417639429312,0.9272030651340997,0.6800766283524904,0.9365079365079365,0.9365079365079365,0.9816414686825053,0.9643628509719222
27,0.003264494673479633,0.9988381015016989,0.8050399370007875,39.18181562423706,0.9896238651102465,0.980544747081712,0.9195402298850575,0.7088122605363985,0.9365079365079365,0.9682539682539683,0.9838012958963283,0.9665226781857451
28,0.003122093901383983,0.9986846432094704,0.8084711441106986,38.82860326766968,0.9870298313878081,0.9883268482490273,0.9291187739463601,0.7509578544061303,0.9682539682539683,0.9523809523809523,0.9794816414686826,0.9622030237580994
29,0.00313246197991684,0.9984654170777156,0.8107211159860501,38.97084355354309,0.9922178988326849,0.9883268482490273,0.9310344827586207,0.7509578544061303,0.9523809523809523,0.9206349206349206,0.9827213822894169,0.9632829373650108
30,0.0031682649791034173,0.9984434944645401,0.7944088198897514,38.86038565635681,0.9909208819714657,0.9857328145265889,0.9195402298850575,0.6685823754789272,0.9365079365079365,0.9682539682539683,0.9870410367170627,0.9730021598272138
31,0.0030422943440642346,0.9985311849172421,0.8039712003599955,38.62610721588135,0.993514915693904,0.9818417639429312,0.9425287356321839,0.7145593869731801,0.9523809523809523,0.9523809523809523,0.9859611231101512,0.9654427645788337
32,0.002827431207810783,0.9987723336621724,0.8015524805939925,39.19984745979309,0.9922178988326849,0.9857328145265889,0.9329501915708812,0.7241379310344828,0.9523809523809523,0.9365079365079365,0.9848812095032398,0.9697624190064795
33,0.0028421459168355588,0.9986846432094706,0.808921138485769,38.97173094749451,0.9896238651102465,0.9792477302204928,0.9501915708812261,0.7222222222222222,0.9682539682539683,0.9841269841269841,0.9848812095032398,0.9730021598272138
34,0.0027404871276178293,0.9989038693412254,0.8107211159860501,39.05053949356079,0.9883268482490273,0.9844357976653697,0.946360153256705,0.7471264367816092,0.9523809523809523,0.9682539682539683,0.9859611231101512,0.9697624190064795
35,0.002639792078224749,0.9986407979831197,0.8131960850489369,39.30958151817322,0.9922178988326849,0.9792477302204928,0.9406130268199234,0.7547892720306514,0.9523809523809523,0.9682539682539683,0.9762419006479481,0.9730021598272138
36,0.002525899992814931,0.9989915597939274,0.8293711328608393,39.35056495666504,0.9909208819714657,0.9844357976653697,0.9348659003831418,0.7241379310344828,0.9682539682539683,0.9682539682539683,0.9859611231101512,0.9762419006479481
37,0.0025875192305926985,0.998794256275348,0.819461131735853,39.19435930252075,0.9896238651102465,0.9818417639429312,0.9367816091954023,0.735632183908046,0.9365079365079365,0.9841269841269841,0.9859611231101512,0.9751619870410367
38,0.0024354750937879465,0.9988381015016989,0.8274710316121049,38.4883246421814,0.993514915693904,0.9896238651102465,0.9578544061302682,0.7969348659003831,0.9523809523809523,0.9206349206349206,0.980561555075594,0.9611231101511879
39,0.002471165325692631,0.9989696371807519,0.825839802002475,39.04181385040283,0.9896238651102465,0.9870298313878081,0.9501915708812261,0.7854406130268199,0.9523809523809523,0.9365079365079365,0.9859611231101512,0.9740820734341252
40,0.0024729163558094235,0.9989477145675764,0.8311711103611204,38.92514657974243,0.9909208819714657,0.9857328145265889,0.946360153256705,0.7567049808429118,0.9523809523809523,0.9841269841269841,0.9827213822894169,0.9697624190064795
41,0.002251116005121871,0.9991011728598048,0.825277309033637,38.965731143951416,0.9896238651102465,0.9883268482490273,0.9406130268199234,0.8026819923371648,0.9841269841269841,0.9523809523809523,0.9848812095032398,0.9568034557235421
42,0.0023204027111582344,0.9988161788885234,0.8245584430194622,39.43433403968811,0.9922178988326849,0.9870298313878081,0.9540229885057471,0.7758620689655172,0.9682539682539683,0.9682539682539683,0.9848812095032398,0.9719222462203023
43,0.002273353469816667,0.9991669406993315,0.82863989200135,39.13615107536316,0.9922178988326849,0.9792477302204928,0.9482758620689655,0.7375478927203065,0.9682539682539683,0.9841269841269841,0.9848812095032398,0.978401727861771
44,0.0021909686908610066,0.9993203989915597,0.8231274609067387,39.11038303375244,0.9883268482490273,0.9870298313878081,0.9540229885057471,0.7145593869731801,0.9682539682539683,0.9841269841269841,0.9827213822894169,0.9654427645788337
45,0.0023630613408435375,0.9989696371807518,0.8273022837214535,39.15790057182312,0.9870298313878081,0.9844357976653697,0.9482758620689655,0.7701149425287356,0.9682539682539683,0.9841269841269841,0.9838012958963283,0.9740820734341252
46,0.0022606416217515017,0.9989915597939274,0.8409460006749916,38.75947022438049,0.9844357976653697,0.9818417639429312,0.9482758620689655,0.7701149425287356,0.9682539682539683,0.9841269841269841,0.9870410367170627,0.9827213822894169
47,0.0022740666040432828,0.9990354050202785,0.8238834514568568,39.24310779571533,0.9896238651102465,0.9870298313878081,0.9559386973180076,0.7950191570881227,0.9841269841269841,0.9682539682539683,0.9816414686825053,0.9697624190064795
48,0.0022119294579553165,0.9989696371807518,0.8397896276296546,38.71249604225159,0.9922178988326849,0.9870298313878081,0.9540229885057471,0.7911877394636015,0.9523809523809523,0.9682539682539683,0.9773218142548596,0.9708423326133909
49,0.0021563112435139505,0.9989038693412254,0.8227145910676117,39.03873801231384,0.9857328145265889,0.9818417639429312,0.9559386973180076,0.8295019157088123,0.9841269841269841,0.9365079365079365,0.9827213822894169,0.9730021598272138
50,0.0022387591116305424,0.9989038693412254,0.8355146810664866,38.65699219703674,0.9883268482490273,0.9818417639429312,0.9597701149425287,0.7739463601532567,0.9841269841269841,0.9523809523809523,0.9827213822894169,0.9751619870410367
